來源,原始科別,標準領域
全國,數學科,數學
全國,物理科,物理
全國,化學科,化學
全國,生物科,生物
全國,生活與應用科學科,生活與應用科學
全國,地球科學科,地球科學
全國,應用科學科,生活與應用科學
全國,自然科,自然
全國,生活與應用科學(二)科,生活與應用科學
全國,生物(生命科學)科,生物
全國,工程學科(一)科,工程
全國,物理與天文學科,物理
全國,電子電機及資訊科,工程
全國,生活與應用科學(一)科,生活與應用科學
全國,理化科,物理、化學
全國,生物及地球科學科,生物、地球科學
全國,工程學科(二)科,工程
全國,生活與應用科學科(一)科,生活與應用科學
全國,電腦與資訊學科,資訊
全國,生活與應用科學科(二)科,生活與應用科學
全國,環境學科,環境科學
全國,農業及生物科技科,農業與食品
全國,地球與行星科學科,地球科學
全國,農業與食品學科,農業與食品
全國,機械科,工程
全國,動物與醫學學科,生物
全國,植物學科,生物
全國,行為與社會科學科,行為與社會科學
全國,化工衛工及環工科,環境科學
全國,動物與醫學科,生物
全國,生活與應用科學科(三)科,生活與應用科學
全國,土木科,工程
全國,國小組 生物科,生物
全國,國中組 生物科,生物
全國,其它,其它
全國,高中組 生物(生命科學)科,生物
全國,高職組 生物科 農業及生物科技科,農業與食品
全國,機械組,工程
全國,工藝科,工程
全國,生活與應用科學科 應用科學科,生活與應用科學
全國,自然科 生活與應用科學科,自然、生活與應用科學
全國,化學科 電子電機及資訊科,化學、工程
全國,電子電機及資訊科 農業及生物科技科,工程、農業與食品
全國,國小組 數學科,數學
全國,高中組 數學科,數學
國際,工程學,工程
國際,數學,數學
國際,醫學與健康科學,生物
國際,化學,化學
國際,物理與天文學,物理
國際,電腦科學與資訊工程,資訊
國際,動物學,生物
國際,數學科,數學
國際,植物學,生物
國際,地球與環境科學,地球科學
國際,化學科,化學
國際,物理科,物理
國際,環境工程,環境科學
國際,環境科學,環境科學
國際,生物化學,生物
國際,微生物學,生物
國際,電腦科學,資訊
國際,行為與社會科學,行為與社會科學
國際,物理與太空科學,物理
國際,地球與太空科學,地球科學
國際,地球科學,地球科學
國際,地球與行星科學,地球科學
國際,地球科學科,地球科學
國際,工程學科,工程
國際,物理與太空科學科,物理
國際,環境科學科,環境科學
國際,動物學科,生物
國際,醫學與健康科學科,生物
國際,電腦科學科,資訊
國際,生物化學科,生物
國際,生物科,生物
國際,植物學科,生物
